number,name,ref
1,Birthday Collection,ref-954569xysym
2,Game Emoji,ref-b65gtuob23c
3,Love Day,ref-0cm4ncp77q86
4,Periodic Table Emoji,ref-xeejpowg8l
5,Sparkles Emoji,ref-uqni9n32x7i
6,Cat Font Emoji,ref-yiy3eidud6r
7,Cat Paws Emoji,ref-z1vwwi17m9
8,Balloon Emoji,ref-yvzm3u0wogh
9,Paris Olympic Emoji,ref-9vvc1hnbxft
10,Summer Emoji,ref-fexpqclml8r
11,Winter Emoji,ref-6xxh5ev64jp
12,Led Screen Emoji,ref-607l4tlchsx
13,FlowersFont,ref-i3zdjjg37hg
14,Cute Emoji,ref-k7jbhnoirv
15,Retro Font Emoji,ref-0qsl693xks5
16,Heart Emoji,ref-z3hnrq6av1
17,Tattoo Emoji,ref-abe0etw5srs
18,Eyes Icons,ref-sy9t0lxwj7
19,Glowing Font,ref-xf5zl1imv4
20,Pennant Emoji,ref-9iej6gb7ve
21,Animal Icons,ref-z23b3qgnjp
22,CrazyEmoji,ref-yf42wp3c8sn
23,MadEmoji2,ref-pgjovxfglo
24,Hand Drawn Emoji,ref-xhpqd4z8609
25,Neon Emoji,ref-qo18aexm0la
26,Square Emoji,ref-bu4cvngc5it
27,Dogs Emoji,ref-8zg9kdu3wgr
28,Hand Emoji,ref-khjl6i46ei
29,Topic Icons,ref-jykz5fklb8a
30,Retro Emoji,ref-h374yo9g9q
31,Face Emoji,ref-2s6rmmrbua5
32,Matrix Font,ref-s1lo3ke2q2k
33,Movie Icons,ref-q2fwtzvd8k
34,DrollEmoji,ref-2cwuelicpmp
35,Ninny Emoji,ref-fdxzgwl1el
36,Semen Emoji,ref-prgjnhfhdpl
37,Game Icons,ref-nynsv3r221c
38,Sun Emoji,ref-vf8cpei8pzn
39,Chickling Emoji,ref-gpgdkehvfdc
40,Festive Flags Emoji,ref-ps4houvack
41,Catz Emoji,ref-mcfdxfz651
42,Unicorn Emoji,ref-cqmycb5wrve
43,Shiba Inu Emoji,ref-qyqno6e5ru8
44,Festive Font Emoji,ref-kqvf7uoy9yn
45,Robo Emoji,ref-napf2gfdpuq
46,Doge Emoji,ref-pvxkqrnom7a
47,Pixel Pigeon Emoji,ref-4zuwybfqrx3
48,Bloody Font Emoji,ref-2xgz2z3w67n
49,Gummy Bears Emoji,ref-i6gndzp7sa8
50,Flame Emoji,ref-06cie7ft75qm
51,Fire Font Emoji,ref-rqf49tosgbr
52,Meme Pumpkins,ref-hydmkr9xox
53,Halloween Team Emoji,ref-teem6p7nm8h
54,Spooky Letters,ref-3lwlfgly933
55,Slime Font Emoji,ref-161n7kblw3n
56,Reaper Skull Emoji,ref-ognt8g9kq5r
57,Cute Pumpkin Emoji,ref-yl7kme7bse
58,Bony Font Emoji,ref-3b97dqj59rd
59,Halloween Icons,ref-hchyrmujsxi
60,Pumpkin Emoji,ref-pshp69tjw3l
61,Deviless Emoji,ref-lzlx6hcs3zf
62,Ghost Emoji,ref-r6techxcwj
63,Zombie Font Emoji,ref-ua3n51ccroj
64,Merry Christmas Emoji,ref-bxr8n178u9g
65,Santa Emoji,ref-ryfxee3m4i
66,Candy Font Emoji,ref-1tg76zmbw5m
67,Christmas Emoji,ref-rmlj8rppkca
68,Star Emoji,ref-diaccnrq2vs
69,Gingerbread Emoji,ref-1c56ibzavx1
70,Retro Year Emoji,ref-bb7l9yvcgpk
71,Christmas Icons,ref-fp9ux3chkyp
72,Love Icons,ref-rsqot2s8d9b
73,Crayon  Emoji 150 emoji,ref-dbie1s8ipqe
74,Birthday Collection 60 emoji,ref-rn4gc10l4eb
75,Sparkle  Emoji,ref-v2b1906aden
76,Cat Paw  Emoji,ref-x2g1bbz330p
77,Pari  Olympic Emoji,ref-v0o2dgskcjt
78,Flower Font,ref-7xg7f66dyl6
79,Eye  Icon,ref-0okyr3db9nu8
80,Animal Icon,ref-3tjlkyg8l9q
81,Dog  Emoji,ref-fveb3ag8lwc
82,Topic Icon,ref-z5kp0yfjl6
83,Movie Icon,ref-lq1vmsnue6
84,Game Icon,ref-dtxip5nyfm
85,Fe tive Flag  Emoji,ref-2jynpnl65de
86,Fe tive Font Emoji,ref-ptycse9rzlq
87,Gummy Bear  Emoji,ref-gpxh0ipezx
88,Meme Pumpkin,ref-3ole1xzy3tc
89,Spooky Letter,ref-lw2ud4gmfd
90,Halloween Icon,ref-gay0n4mxibg
91,Devile  Emoji,ref-0i9yh64owuio
92,Gho t Emoji,ref-9k978k80mei
93,Merry Chri tma  Emoji,ref-rdqcuayymb
94,Chri tma  Emoji,ref-4pmv0mhp6p9
95,Chri tma  Icon,ref-7uv2habp0al
96,Love Icon,ref-8ijf0h4v9yq
97,Vector Icons,ref-qdxhzgtjrwh
98,Rabbit Emoji,ref-rniops979n
99,Pets Memes Emoji,ref-jroh7ddef19
100,Meme Emoji,ref-p6ef1f4q3q
101,ðŸ§© Icon Pack âž¤ @HitRift,ref-8l2td5oe7ka
102,Application Emoji,ref-5o6wneish65
103,Effect Emoji,ref-fab5uzq5dr9
104,Amanita @TgEmojis,ref-j9idmnbf4sq
105,Clown Emoji,ref-it756a6v1dp
106,Alien Emoji,ref-u71d6qzuta
107,Duck Emoji,ref-wfltay8onp
108,Skull Emoji,ref-bs3itf0w9qo
109,Fox Emoji,ref-4mnix2zlqzl
110,Cherry Emoji,ref-r3a8xw9r40p
111,Frog Emoji,ref-sldewaaogmn
112,Emoji,ref-nngzvdmf8e9
113,Custom Emoji,ref-o9fwrg5536g
