Number,Parent_Ref,Button_Ref,Status,Link
1,ref-jf6yx1ld3kk,ref-2vzf8gxzom7,ADD,
2,ref-rd88ukh31yi,ref-2vzf8gxzom7,ADD,
3,ref-o63dz7eyfm,ref-2vzf8gxzom7,ADD,
4,ref-pq54559gmmk,ref-2vzf8gxzom7,ADD,
5,ref-krg42rftqr,ref-2vzf8gxzom7,ADD,
6,ref-xjk8lz7ncz9,ref-cw0aa9qqgz6,ADD,
7,ref-m6hnnnral3,ref-cw0aa9qqgz6,ADD,
8,ref-5xgf76j3hpa,ref-sdhs72gxii,ADD,
9,ref-v0qu43gpb4,ref-sdhs72gxii,ADD,
10,ref-58jc87iw1gb,ref-pgy1ov3v5dk,ADD,
11,ref-9fu02xn5vlq,ref-pgy1ov3v5dk,ADD,
12,ref-idzmjg5dwkq,ref-orwuxu8xww,ADD,
13,ref-7iysa44bn3x,ref-orwuxu8xww,ADD,
14,ref-t9lqy78uovl,ref-zawdedhbzf,ADD,
15,ref-coflfd2okc,ref-zawdedhbzf,ADD,
16,ref-oitrdv42ud,ref-rvinq9y6wd9,ADD,
17,ref-4yjsvtp0o34,ref-rvinq9y6wd9,ADD,
18,ref-0lhckrfta9a,ref-i7upcm6ku4,ADD,
19,ref-v7zpe4upmig,ref-i7upcm6ku4,ADD,
20,ref-5s7hfp6m89m,ref-do73fzj26e4,ADD,
21,ref-na0ar10yczq,ref-do73fzj26e4,ADD,
22,ref-fbz9krmd2d,ref-wz1olj9ve8,ADD,
23,ref-syaaafwsiqp,ref-wz1olj9ve8,ADD,
24,ref-qmsclvyz4q,ref-xcuymhaory,ADD,
25,ref-5hj70zlz775,ref-xcuymhaory,ADD,
26,ref-46bew2t6qks,ref-mevmp02nxn,ADDED,
27,ref-snos3egbkbh,ref-mevmp02nxn,ADDED,
28,ref-wf1e16cen9n,ref-obwkwe32r6g,ADD,
29,ref-lizq0554907,ref-obwkwe32r6g,ADD,
30,ref-57x03h5c8ah,ref-nwn2twhlih,ADD,
31,ref-ivlum0xig8f,ref-nwn2twhlih,ADD,
32,ref-a5ejll343ks,ref-t6pc5jy8r0c,ADD,
33,ref-1ex47nbzr1o,ref-t6pc5jy8r0c,ADD,
34,ref-6i76iq7o9oc,ref-q1mm5k39bk,ADD,
35,ref-fb31n9iai,ref-q1mm5k39bk,ADD,
36,ref-uadxuo5f0sn,ref-ldqm8yek3pp,ADD,
37,ref-70pl9p6edlh,ref-ldqm8yek3pp,ADD,
38,ref-3lbmz1geozm,ref-qvxoin5bf5j,ADD,
39,ref-xg2hpfztzpg,ref-qvxoin5bf5j,ADD,
40,ref-eq5j6pga9nb,ref-sqi4evwyb5q,ADD,
41,ref-w3o446754ds,ref-sqi4evwyb5q,ADD,
42,ref-e8x80iip8w5,ref-y83ymlhv3bh,ADD,
43,ref-i20crq7gb5g,ref-y83ymlhv3bh,ADD,
44,ref-aoizpw9ghy,ref-p6qnmr9lzal,ADD,
45,ref-wew5r6tt9v,ref-p6qnmr9lzal,ADD,
46,ref-oddnhfaeqk,ref-ov2hg85he5,ADD,
47,ref-m96pm7o1dt,ref-ov2hg85he5,ADD,
48,ref-xhwj95li31,ref-rm124jm9nhh,ADD,
49,ref-jfcyn2fb0qe,ref-rm124jm9nhh,ADD,
50,ref-bxjd36q7uhf,ref-cecd8qbsgt5,ADDED,
51,ref-047f26wrbk94,ref-cecd8qbsgt5,ADDED,
52,ref-sj7uttbxxs,ref-blwehd3dfbu,ADD,
53,ref-q2a3jmq80yh,ref-blwehd3dfbu,ADD,
54,ref-pbfr5d8qsrc,ref-jvmvj8eh7c,ADD,
55,ref-djkvm4qemri,ref-jvmvj8eh7c,ADD,
56,ref-zelyy9oefy,ref-xkn940vxg7p,ADD,
57,ref-x0ru6orsu5,ref-xkn940vxg7p,ADD,
58,ref-zmtcqoaqlo8,ref-m4s8q1qct0e,ADD,
59,ref-bvwizc33gz,ref-m4s8q1qct0e,ADD,
60,ref-5gggycwbmly,ref-ecqo696gfo7,ADD,
61,ref-fwa3vl2nqi,ref-ecqo696gfo7,ADD,
62,ref-97w8t4gily4,ref-0qsg70q1dh7a,ADD,
63,ref-eoom960jh05,ref-0qsg70q1dh7a,ADD,
64,ref-uax6dk4snp,ref-t4g0ah1mc0e,ADD,
65,ref-ni0246j1gos,ref-t4g0ah1mc0e,ADD,
66,ref-ceqv24t2rgv,ref-qjharu1065,ADDED,
67,ref-hm5zyne5tqk,ref-qjharu1065,ADDED,
68,ref-q9ztomncv4,ref-awy78tvhlf8,ADDED,
69,ref-qk07ythv31l,ref-awy78tvhlf8,ADDED,
70,ref-mjetq68fakf,ref-jogflvwh419,ADD,
71,ref-0op7hjfpthjb,ref-jogflvwh419,ADD,
72,ref-ycnurek2ec,ref-ew3cd872mlq,ADD,
73,ref-53tnz0m0wza,ref-ew3cd872mlq,ADD,
74,ref-qjchg1wjp4a,ref-rgtvpcwv5bc,ADD,
75,ref-zdtv89hgrf,ref-rgtvpcwv5bc,ADD,
76,ref-jeneryjmhj,ref-qg3rxvz8nrs,ADD,
77,ref-61jc235oelr,ref-qg3rxvz8nrs,ADD,
78,ref-697tjvo19q,ref-9078nd1fs2,ADD,
79,ref-nxgo9qu7aw8,ref-9078nd1fs2,ADD,
80,ref-fm6cninzdbm,ref-5db10eti6ia,ADD,
81,ref-1aqgqs6598z,ref-5db10eti6ia,ADD,
82,ref-86tbcs2bsh,ref-456aiwx35uy,ADD,
83,ref-hfex6vb8khb,ref-456aiwx35uy,ADD,
84,ref-fhzug0m6qa4,ref-f6ysly1b80k,ADD,
85,ref-ggtiqvv32oe,ref-f6ysly1b80k,ADD,
86,ref-7q6f23tp2ah,ref-8g8hzcxkjb,ADD,
87,ref-bfplma66wkw,ref-8g8hzcxkjb,ADD,
88,ref-22q7b58q5ml,ref-2617tw71hgj,ADD,
89,ref-tye23fblc5q,ref-2617tw71hgj,ADD,
90,ref-in8sg8cjtxe,ref-6l9a6k8v95q,ADD,
91,ref-aias4e7pdb7,ref-6l9a6k8v95q,ADD,
92,ref-9dkc9b8ho9,ref-fpkpnh55x7i,ADD,
93,ref-i5t49y73xm,ref-fpkpnh55x7i,ADD,
94,ref-zmy3xpj97z,ref-mvm5b39qcd,ADD,
95,ref-ccc494g376t,ref-mvm5b39qcd,ADD,
96,ref-8bx7rlk4k6n,ref-aganjxts2fm,ADDED,
97,ref-zzyd7p058ua,ref-aganjxts2fm,ADDED,
98,ref-xswug72txrb,ref-gk5ztpcf02t,ADD,
99,ref-ftvtknp2kw7,ref-gk5ztpcf02t,ADD,
100,ref-zgwq37dk5xk,ref-8h8qi3kb89,ADD,
101,ref-zqtjxbgph6l,ref-8h8qi3kb89,ADD,
102,ref-tddl7ogex6,ref-cxzstc6yezl,ADD,
103,ref-rprn3izj6y,ref-cxzstc6yezl,ADD,
104,ref-qbsu95t6hzj,ref-cowt16aifk5,ADD,
105,ref-4u3g19458cs,ref-cowt16aifk5,ADD,
106,ref-opibsepomo,ref-ijdio29oihd,ADDED,
107,ref-lcqxs05g0tp,ref-ijdio29oihd,ADDED,
108,ref-eq5wgb7i8u,ref-2t76thkvuzn,ADD,
109,ref-1y2eecptzwd,ref-2t76thkvuzn,ADD,
110,ref-887d76d41f8,ref-9hm1thwmv4n,ADD,
111,ref-5efxu19qf4j,ref-9hm1thwmv4n,ADD,
112,ref-5jl1zo3omvg,ref-zcdo2feqhhc,ADD,
113,ref-52d3ezk6tir,ref-zcdo2feqhhc,ADD,
114,ref-3lb05y0wm97,ref-r41rvze095l,ADDED,
115,ref-08c3rgw297uu,ref-r41rvze095l,ADDED,
116,ref-fl9n5pd28id,ref-5y8enpdapcl,ADD,
117,ref-sxb86y3l3m,ref-5y8enpdapcl,ADD,
118,ref-g78eg0saber,ref-1sf2c5f8qkw,ADD,
119,ref-mgw54xdqckf,ref-1sf2c5f8qkw,ADD,
120,ref-n9w6m6ti4vl,ref-vic57wi0t3,ADD,
121,ref-w4283x1j45c,ref-vic57wi0t3,ADD,
122,ref-vmclqjgrlcf,ref-aijvyfyh2ec,ADD,
123,ref-qr7bov5x48,ref-aijvyfyh2ec,ADD,
124,ref-96ahqkyfsa,ref-a662od2ple5,ADD,
125,ref-82pxe5zg517,ref-a662od2ple5,ADD,
126,ref-mo5ir96p0i,ref-ycgg2elntf,ADD,
127,ref-u66s5ufbv,ref-ycgg2elntf,ADD,
128,ref-uli8hzinfx8,ref-7jrjo958mkd,ADD,
129,ref-t0sy74ftyk,ref-7jrjo958mkd,ADD,
130,ref-926l4y7drdt,ref-u5uzumr09e,ADD,
131,ref-ijk8l4l85h,ref-u5uzumr09e,ADD,
132,ref-ch1vlour7m,ref-sb72padf7q,ADD,
133,ref-014qys9cp8we,ref-sb72padf7q,ADD,
134,ref-nj4skbv3sld,ref-98idzjp9zq6,ADD,
135,ref-cs30yj89w2d,ref-98idzjp9zq6,ADD,
136,ref-mrpcximxq9,ref-662ao56v68t,ADD,
137,ref-tvc93gshpxo,ref-662ao56v68t,ADD,
138,ref-mn712g72pce,ref-zmt6hvxp21,ADD,
139,ref-qpks0a1jo9,ref-zmt6hvxp21,ADD,
140,ref-4eryk9wjfhi,ref-pfome21om6b,ADD,
141,ref-4k48uikr7x9,ref-pfome21om6b,ADD,
142,ref-ruufyafgld,ref-t1h6oie33kb,ADD,
143,ref-5yyxwbilgii,ref-t1h6oie33kb,ADD,
144,ref-fs21x6pj7x8,ref-mhhd6uwcut,ADD,
145,ref-br8bmu4tit6,ref-mhhd6uwcut,ADD,
146,ref-cmgpmbssk3f,ref-whl6ngcfyqf,ADD,
147,ref-lm4f2u3u6w,ref-whl6ngcfyqf,ADD,
148,ref-qfv8xaa3m7d,ref-2q6wi74e604,ADD,
149,ref-b12v1epiofo,ref-2q6wi74e604,ADD,
150,ref-txsyyrdo5in,ref-h1zk9zhshkr,ADD,
151,ref-c0w837kg26,ref-h1zk9zhshkr,ADD,
152,ref-3z8h0br3dtd,ref-f9tc66wajm7,ADD,
153,ref-0qpmiqr1wke,ref-f9tc66wajm7,ADD,
154,ref-l25om8rl3o,ref-1wm6brt4mim,ADD,
155,ref-qn910mh832e,ref-1wm6brt4mim,ADD,
156,ref-r0zhbu3ezqe,ref-xwrmxlph7p,ADD,
157,ref-p2i4pqv8g3g,ref-xwrmxlph7p,ADD,
158,ref-g7ye0s3o7e8,ref-93qob0dgzwg,ADD,
159,ref-0k1f6yt8wzug,ref-93qob0dgzwg,ADD,
160,ref-05mcgu9sxtzd,ref-tp9ot8ydxe8,ADDED,
161,ref-z5qrbi3mn2b,ref-tp9ot8ydxe8,ADDED,
162,ref-6llepdq5z2a,ref-wzqijtcjqrp,ADD,
163,ref-rxl3xv1opsq,ref-wzqijtcjqrp,ADD,
164,ref-3j76denm0l9,ref-ovbyc5s7qzs,ADDED,
165,ref-olqa63w4wje,ref-ovbyc5s7qzs,ADDED,
166,ref-6kfz1yl3o6t,ref-xbsiodwj2vk,ADD,
167,ref-alhztd78i56,ref-xbsiodwj2vk,ADD,
168,ref-rcu98xtmv7,ref-daxrr7gm1yl,ADD,
169,ref-yxd137bizw,ref-daxrr7gm1yl,ADD,
170,ref-0lhrcerha3aa,ref-dqlgiifwjs9,ADD,
171,ref-uuds6gujcsj,ref-dqlgiifwjs9,ADD,
172,ref-rvsszatsf,ref-8g9tqjc8to5,ADD,
173,ref-5iw98dbcgnb,ref-8g9tqjc8to5,ADD,
174,ref-zqze760ru4c,ref-nfxpw1gjl6d,ADD,
175,ref-7aiyj52p99l,ref-nfxpw1gjl6d,ADD,
176,ref-vfksbfadlzo,ref-559eem257zp,ADD,
177,ref-zt6zk2lazbm,ref-559eem257zp,ADD,
178,ref-ofq7m7zkzo,ref-1g20og35v5p,ADD,
179,ref-a5bmcqlsg16,ref-1g20og35v5p,ADD,
180,ref-1hhm8s59wxkh,ref-k8k1ei2tn4d,ADD,
181,ref-rlvgiz8txlp,ref-k8k1ei2tn4d,ADD,
182,ref-w7v7y3qrvc,ref-dw2hu00dp7u,ADD,
183,ref-teac9wwt3l,ref-dw2hu00dp7u,ADD,
184,ref-uekig4ql11,ref-chnvsrfvzju,ADD,
185,ref-29zvznu4pua,ref-chnvsrfvzju,ADD,
186,ref-mqtcbsuupdq,ref-dyjngrjmisn,ADD,
187,ref-n4iy20k7si7,ref-dyjngrjmisn,ADD,
188,ref-rlgvs8al5zf,ref-6a45avl80o4,ADD,
189,ref-0f46mi5u1pl,ref-6a45avl80o4,ADD,
190,ref-awsa825w4bh,ref-ir5udvak8c,ADDED,
191,ref-mmbnve2bjli,ref-ir5udvak8c,ADDED,
192,ref-yqxx3okm6n,ref-xtix8ut12oa,ADD,
193,ref-rb40s33fhl,ref-xtix8ut12oa,ADD,
194,ref-xdztrj77hw8,ref-d1mrplzv4e,ADD,
195,ref-mgrkaq4avkj,ref-d1mrplzv4e,ADD,
196,ref-gz26juglaf,ref-ocfhpcqz4xd,ADD,
197,ref-tu7062do3ot,ref-ocfhpcqz4xd,ADD,
198,ref-51ra5gf170m,ref-qs9jhbmskbj,ADD,
199,ref-ffggi6km9bb,ref-qs9jhbmskbj,ADD,
200,ref-fckk231txfw,ref-or6us3zy1,ADD,
201,ref-d8a6pfvqx97,ref-or6us3zy1,ADD,
202,ref-rlwgnb2yr6g,ref-hhn0z5z6vlo,ADD,
203,ref-o0gakh706cr,ref-hhn0z5z6vlo,ADD,
204,ref-fnlxl72uqpn,ref-vmdjzekl6ao,ADDED,
205,ref-dqx2iy1sgna,ref-vmdjzekl6ao,ADDED,
206,ref-z0fewcxpwkc,ref-rwvge32b25o,ADD,
207,ref-k4jxthku7fl,ref-rwvge32b25o,ADD,
208,ref-ponq003be3,ref-8reztxa1xjt,ADD,
209,ref-f3dm3ca0bse,ref-8reztxa1xjt,ADD,
210,ref-ni2ipoup7ua,ref-p1okg6qm84q,ADD,
211,ref-83cq7e974eh,ref-p1okg6qm84q,ADD,
212,ref-aw0xsh9xjb,ref-u8anlnwe1wl,ADD,
213,ref-kc3umn63van,ref-u8anlnwe1wl,ADD,
214,ref-fadfj25b67,ref-cdpjurrrge,ADD,
215,ref-ja8pu0etq5,ref-cdpjurrrge,ADD,
216,ref-0jgo7q4kzciv,ref-epc8pqewu4s,ADD,
217,ref-q7ncc0v8ll,ref-epc8pqewu4s,ADD,
218,ref-kdu5q16738,ref-a820mw1b8up,ADD,
219,ref-wnitphihlla,ref-a820mw1b8up,ADD,
220,ref-148lck4jggnk,ref-h7jgduv2qr4,ADD,
221,ref-kgl0uxqus4,ref-h7jgduv2qr4,ADD,
222,ref-inrhmfmyuxr,ref-o7d1z6uv67l,ADD,
223,ref-91qz3t7mi6i,ref-o7d1z6uv67l,ADD,
224,ref-2foy6iqnt9k,ref-uoek5ngxleq,ADD,
225,ref-v7fm8avrwnj,ref-uoek5ngxleq,ADD,
226,ref-kp86fp84c2,ref-xt0h73r0kd9,ADD,
227,ref-5h1yizoucsh,ref-xt0h73r0kd9,ADD,
228,ref-d0jbs4siazn,ref-qixhlexasa8,ADD,
229,ref-borwkm8k5y7,ref-qixhlexasa8,ADD,
230,ref-x8kl2dkcrmp,ref-2jge95lm80h,ADD,
231,ref-57h6bz9ihd,ref-2jge95lm80h,ADD,
232,ref-newyfdnelv,ref-5voszbhdhwh,ADD,
233,ref-6zj0rq9h49p,ref-5voszbhdhwh,ADD,
234,ref-c7b4etst5ot,ref-3s8k6f7a0vl,ADD,
235,ref-drrywye5jl,ref-3s8k6f7a0vl,ADD,
236,ref-d75iz4lgiwa,ref-t645tqxm8,ADD,
237,ref-n670y0jn26,ref-t645tqxm8,ADD,
238,ref-14lx1bvnea5,ref-erxnehgsg,ADD,
239,ref-648kww87ye8,ref-erxnehgsg,ADD,
240,ref-tbb0323sxx,ref-q8ac6oi3rrh,ADD,
241,ref-2llxrjo3fsw,ref-q8ac6oi3rrh,ADD,
242,ref-sobb1g3czxa,ref-seqzvc4p4o,ADD,
243,ref-fy7jxsprf8l,ref-seqzvc4p4o,ADD,
244,ref-87xw34knccq,ref-izak40dasgk,ADD,
245,ref-4mlk32fvf7x,ref-izak40dasgk,ADD,
246,ref-gse20nq6mki,ref-g8cdxx83ya,ADD,
247,ref-yrb8heu9um,ref-g8cdxx83ya,ADD,
248,ref-bmreolih3et,ref-c0s32021kpi,ADD,
249,ref-85jihww40og,ref-c0s32021kpi,ADD,
250,ref-vf5ckm1pyw,ref-s6uep4l5cp7,ADD,
251,ref-awtq5rx6ehb,ref-s6uep4l5cp7,ADD,
252,ref-u9d00j3g0e,ref-dd296qzmaaw,ADD,
253,ref-jyv3hxossvl,ref-dd296qzmaaw,ADD,
254,ref-7ummpe3xuvq,ref-eyj2286qyzd,ADD,
255,ref-83xadm7xq6,ref-eyj2286qyzd,ADD,
256,ref-73eh7dlsjgk,ref-kh21bocy1am,ADD,
257,ref-4c1djgutzpk,ref-kh21bocy1am,ADD,
258,ref-3u9q11kzeom,ref-k1ujyeh6of9,ADD,
259,ref-mam60snd5cs,ref-k1ujyeh6of9,ADD,
260,ref-0ee2netb57ho,ref-uf2s5shwprc,ADD,
261,ref-lzg43dtiseg,ref-uf2s5shwprc,ADD,
262,ref-4bm3c35fymu,ref-25j09sadht1,ADDED,
263,ref-ogknn5r24g,ref-25j09sadht1,ADDED,
264,ref-87znrzaa3kl,ref-47jfus415s5,ADD,
265,ref-mb8ogctlb38,ref-47jfus415s5,ADD,
266,ref-sphkjgyy60m,ref-tshkhw00jfe,ADD,
267,ref-2kn05yx9cqp,ref-tshkhw00jfe,ADD,
268,ref-zid0ny3cl7,ref-c4cd7gbkhlm,ADD,
269,ref-d9m0859vqb,ref-c4cd7gbkhlm,ADD,
270,ref-7mtqrpqdv9q,ref-uzieq0l8en8,ADD,
271,ref-mpea5v1gtfe,ref-uzieq0l8en8,ADD,
272,ref-umgksljg42l,ref-ku89vsc9wac,ADD,
273,ref-1u6vcy8lt6b,ref-ku89vsc9wac,ADD,
274,ref-e01xl2qsjkk,ref-bcuatvrkheg,ADD,
275,ref-4rtab8ii25o,ref-bcuatvrkheg,ADD,
276,ref-0sngddwjayx,ref-kogdtrwbiuh,ADD,
277,ref-qcb15hqm0mg,ref-kogdtrwbiuh,ADD,
278,ref-1829flyb5uf,ref-afi3vntdjdm,ADD,
279,ref-q3lsvhtq1gf,ref-afi3vntdjdm,ADD,
280,ref-p63s4p3v9dn,ref-5wv0rbve39u,ADD,
281,ref-j5dyl3fr3l,ref-5wv0rbve39u,ADD,
282,ref-jvb5mj33vz,ref-huwixpfo2bk,ADD,
283,ref-46263cz8bsk,ref-huwixpfo2bk,ADD,
284,ref-z75lr9492d,ref-pa6rjxta3x,ADD,
285,ref-r861skefpls,ref-pa6rjxta3x,ADD,
286,ref-kcqqujkoc9,ref-gzaou3m99p4,ADD,
287,ref-iwah4o0nxp,ref-gzaou3m99p4,ADD,
288,ref-409kus6zh27,ref-yqxxh4s2xjh,ADD,
289,ref-ctim9g4jpk,ref-yqxxh4s2xjh,ADD,
290,ref-s3kkq6dbe,ref-uhiyw6sz7cf,ADD,
291,ref-2ygynt8u4k6,ref-uhiyw6sz7cf,ADD,
292,ref-iarbl7ffd3g,ref-9xqluyj4qr5,ADD,
293,ref-g1ezgh5atdu,ref-9xqluyj4qr5,ADD,
294,ref-nqo2eyhdix,ref-fw3edg13xua,ADD,
295,ref-hd7x0ogs8yd,ref-fw3edg13xua,ADD,
296,ref-gy3laetlgm,ref-pkaeasizyjc,ADD,
297,ref-qmaiaxm9yna,ref-pkaeasizyjc,ADD,
298,ref-ofwqimu804c,ref-imy5va3cw5,ADD,
299,ref-pr70fz4bu1r,ref-imy5va3cw5,ADD,
300,ref-jg96bsrcip,ref-ddcpy4k419,ADD,
301,ref-ecso3irlqeq,ref-ddcpy4k419,ADD,
302,ref-bkrq36sv38v,ref-9ouv3z0f3ac,ADD,
303,ref-yna4s6paqnh,ref-9ouv3z0f3ac,ADD,
304,ref-y118iq668q,ref-ijur3h1qt58,ADD,
305,ref-6gfigxmducv,ref-ijur3h1qt58,ADD,
306,ref-63nfdgmq9wv,ref-wjkhod8gz6,ADD,
307,ref-09v0jpa99fd7,ref-wjkhod8gz6,ADD,
308,ref-3noyp3t8fbi,ref-tt0g4lm5moj,ADD,
309,ref-nwimibbw3i,ref-tt0g4lm5moj,ADD,
310,ref-5mkzzhq2rhn,ref-kpohacj4gv,ADD,
311,ref-8gdxabvva6x,ref-kpohacj4gv,ADD,
312,ref-my0hf09tz9k,ref-bwefok4zufl,ADD,
313,ref-l3uwfpu9wfl,ref-bwefok4zufl,ADD,
314,ref-feubl5rpwuc,ref-s4ojf6rivs,ADD,
315,ref-ffd99scyt2,ref-s4ojf6rivs,ADD,
316,ref-shg8f195m0m,ref-c80n5izbad4,ADD,
317,ref-admz7slfjy,ref-c80n5izbad4,ADD,
318,ref-0vc280wq44y,ref-zngujbc2oe9,ADD,
319,ref-qpnyvnudtfl,ref-zngujbc2oe9,ADD,
320,ref-576da3cb9aa,ref-7wqr86xt09i,ADD,
321,ref-2ix2962rvdi,ref-7wqr86xt09i,ADD,
322,ref-73t8qz9vkhb,ref-6rhycx7sjdb,ADD,
323,ref-567yuab5apu,ref-6rhycx7sjdb,ADD,
324,ref-5tfhktcw9ow,ref-z83bzmm4g3l,ADD,
325,ref-89ijppkqx5y,ref-z83bzmm4g3l,ADD,
326,ref-yskzs2vg3,ref-7hm9mxyl17w,ADD,
327,ref-ecmlnil961,ref-7hm9mxyl17w,ADD,
328,ref-7gkluyc9muw,ref-sdehi6gu2ur,ADD,
329,ref-jaefj6j1kdq,ref-sdehi6gu2ur,ADD,
330,ref-e87sy8x3m6h,ref-37pyhxase8o,ADD,
331,ref-sfudv1fpszf,ref-37pyhxase8o,ADD,
332,ref-cn5ptlz4wlm,ref-gzf938c91oc,ADD,
333,ref-w4xv9mimesr,ref-gzf938c91oc,ADD,
334,ref-63wwlip1865,ref-95q9m1pzq19,ADD,
335,ref-9tt4l8yuoy8,ref-95q9m1pzq19,ADD,
336,ref-7b6f4zeasuc,ref-bootw50ift8,ADD,
337,ref-o6azbhrpuzr,ref-bootw50ift8,ADD,
338,ref-tcx3rdy17xl,ref-trkae6m3dl,ADD,
339,ref-a8kg3rzvro6,ref-trkae6m3dl,ADD,
340,ref-y27rh5jrstq,ref-lomd9bnv2d9,ADD,
341,ref-f3iu53qygyo,ref-lomd9bnv2d9,ADD,
342,ref-xds9wlwirn,ref-g8asfcefnfg,ADD,
343,ref-6otraj0fekw,ref-g8asfcefnfg,ADD,
344,ref-y9fuhp21zx,ref-pdu64kd9s6r,ADD,
345,ref-zvtu7avqmpj,ref-pdu64kd9s6r,ADD,
346,ref-8wii71qfvoe,ref-s147tcgr44q,ADDED,
347,ref-7fe9er5zbrb,ref-s147tcgr44q,ADDED,
348,ref-hp4otm4i7u,ref-zs39tcmbrq,ADD,
349,ref-dtbfb8msy1l,ref-zs39tcmbrq,ADD,
350,ref-hbccc70sbbr,ref-zb39w6p1dg,ADD,
351,ref-0qrzfvwwxq,ref-zb39w6p1dg,ADD,
352,ref-s3tuv4kuvdd,ref-xwsgz6lcrzq,ADD,
353,ref-ngrf4rql3e,ref-xwsgz6lcrzq,ADD,
354,ref-2q3pnj82q8w,ref-4helfe6y118,ADD,
355,ref-gs1gnr4djvi,ref-4helfe6y118,ADD,
356,ref-hr0129yu2p,ref-iw2rb5lef7,ADDED,
357,ref-ydk6xf96kjk,ref-iw2rb5lef7,ADDED,
358,ref-mr57j6alxmi,ref-y0yagsnli7i,ADD,
359,ref-s3v7g6v09ts,ref-y0yagsnli7i,ADD,
360,ref-oo696sfjo59,ref-2frwwc77zlf,ADD,
361,ref-9ynbnxmvj0k,ref-2frwwc77zlf,ADD,
362,ref-gzgj82q0w5j,ref-6e2kwzvdzo3,ADD,
363,ref-a21j1kqz55h,ref-6e2kwzvdzo3,ADD,
364,ref-69wjgqvkske,ref-tqylsltvl4,ADD,
365,ref-aq9phcndm9,ref-tqylsltvl4,ADD,
366,ref-fy6uwajrfuk,ref-3iyogxyusdu,ADDED,
367,ref-0kbdmkjkgb4,ref-3iyogxyusdu,ADDED,
368,ref-y0f1r21p0s,ref-ccxwt72ype9,ADD,
369,ref-ikp24xpjh98,ref-ccxwt72ype9,ADD,
370,ref-qt4a0z11sa,ref-9qmuaog5l8d,ADD,
371,ref-5vv5fu9kx3w,ref-9qmuaog5l8d,ADD,
372,ref-kr1ul2rhiv,ref-hl3w2vvzoo,ADDED,
373,ref-toj3i7kxlch,ref-hl3w2vvzoo,ADDED,
374,ref-b0lvb2psbqi,ref-bybvk8rbwfp,ADD,
375,ref-pdaohwkah5b,ref-bybvk8rbwfp,ADD,
376,ref-jui5amyp41,ref-i337zcw5ul,ADDED,
377,ref-ciu5i3wt6,ref-i337zcw5ul,ADDED,
378,ref-a71mmtdwzn5,ref-febyphnxb4q,ADD,
379,ref-876z2yrqeh,ref-febyphnxb4q,ADD,
380,ref-cuokq4wxxs,ref-0escrna0m3d6,ADD,
381,ref-lqy3zp1t77q,ref-0escrna0m3d6,ADD,
382,ref-e4ttd6hicn,ref-fem7p59sj9w,ADD,
383,ref-ytxuu19umnb,ref-fem7p59sj9w,ADD,
384,ref-fn9jbyfbjor,ref-4oxgdf11h92,ADD,
385,ref-gn9t2bpitv,ref-4oxgdf11h92,ADD,
386,ref-o7ig3zfwspp,ref-ooqkz48ogzl,ADD,
387,ref-f56z3spz18,ref-ooqkz48ogzl,ADD,
388,ref-jz7h56wzgzt,ref-uvl3ih368bp,ADD,
389,ref-7c1ozcpuv66,ref-uvl3ih368bp,ADD,
390,ref-rl4vbt7q1lq,ref-i6mqoomn8ys,ADD,
391,ref-ouzwkvukmvp,ref-i6mqoomn8ys,ADD,
392,ref-4x8swbkuzm3,ref-oejx806hef9,ADD,
393,ref-ls1gp5iee1k,ref-oejx806hef9,ADD,
394,ref-ez6lt9tl3je,ref-y2t074cecq,ADDED,
395,ref-68hyxv4crkf,ref-y2t074cecq,ADDED,
396,ref-qo7uutj63yn,ref-m53bt7zn0fq,ADD,
397,ref-9u0zp774ge,ref-m53bt7zn0fq,ADD,
398,ref-z0svrynpsuh,ref-3yaztwindev,ADD,
399,ref-dd69lbjxg65,ref-3yaztwindev,ADD,
400,ref-gce7rinc0oa,ref-ytu12w5nqlp,ADD,
401,ref-2a42pyhe7po,ref-ytu12w5nqlp,ADD,
402,ref-59g12iixfj6,ref-dmvtieu87dr,ADDED,
403,ref-ljyzpw8mqad,ref-dmvtieu87dr,ADDED,
404,ref-cs9qpuup9v6,ref-c0ljnwoll8f,ADD,
405,ref-kqet6lb67d,ref-c0ljnwoll8f,ADD,
406,ref-mlx3t5cxey,ref-ch5gdb3q2bl,ADD,
407,ref-tftge8744p,ref-ch5gdb3q2bl,ADD,
408,ref-l6j7ub6dli,ref-2hpty3mhd3e,ADD,
409,ref-iez15a1ab8,ref-2hpty3mhd3e,ADD,
410,ref-vj8hhvg51wf,ref-ql962fcc83,ADD,
411,ref-a3duifmeokq,ref-ql962fcc83,ADD,
412,ref-h7tepd3fy3,ref-otlhgs1uyt,ADD,
413,ref-ko9gz5jvxim,ref-otlhgs1uyt,ADD,
414,ref-vj2cpkdln0o,ref-3hb861ha26v,ADD,
415,ref-0b781bmy20pd,ref-3hb861ha26v,ADD,
416,ref-qlfzurr4rs,ref-dc04hhpulqc,ADD,
417,ref-mti0tehsez,ref-dc04hhpulqc,ADD,
418,ref-wc82edfhlcl,ref-0tb98v7k0mt,ADD,
419,ref-4clw1q5wdxi,ref-0tb98v7k0mt,ADD,
420,ref-vmnh7378n4r,ref-y3l76krzvh,ADD,
421,ref-yit099ea3fi,ref-y3l76krzvh,ADD,
422,ref-7327vet2sjo,ref-q39ucr7j1gf,ADD,
423,ref-hti7205vaa9,ref-q39ucr7j1gf,ADD,
424,ref-zgdmyr4kb,ref-bmlp5tushs5,ADD,
425,ref-sj9mapveeor,ref-bmlp5tushs5,ADD,
426,ref-wc6a7dwv3i,ref-4xt3dw8lw5g,ADD,
427,ref-mstt8sxpkj,ref-4xt3dw8lw5g,ADD,
428,ref-0b58ldyyhgx,ref-tx1to3he0v8,ADD,
429,ref-a16ou2yzsnr,ref-tx1to3he0v8,ADD,
430,ref-pmgsmhyamp,ref-dayw0nx4gp6,ADD,
431,ref-kn1cpfzwr1i,ref-dayw0nx4gp6,ADD,
432,ref-namyqrqryx,ref-91rbb1w3tdi,ADD,
433,ref-amlcl2blvur,ref-91rbb1w3tdi,ADD,
434,ref-iiufuqe891e,ref-wfnbr7r4c3,ADD,
435,ref-quqeedh301q,ref-wfnbr7r4c3,ADD,
436,ref-qqas77sk779,ref-hirkvhtpyul,ADD,
437,ref-l47s6vjqw4,ref-hirkvhtpyul,ADD,
438,ref-hivv3llneq6,ref-2tyg08zmydl,ADD,
439,ref-ppd8dn17uxl,ref-2tyg08zmydl,ADD,
440,ref-i5edpxzwhz,ref-fluwtriaymi,ADD,
441,ref-coch0l7sohp,ref-fluwtriaymi,ADD,
442,ref-mz6iflamlp,ref-l0xzj4jeat,ADD,
443,ref-cr4lx481hng,ref-l0xzj4jeat,ADD,
444,ref-m6uc5m2kc3,ref-33wr4f4jgdu,ADD,
445,ref-8wlauzy2xxr,ref-33wr4f4jgdu,ADD,
446,ref-wsvl2lbzm2,ref-0w2e99pgdzr,ADD,
447,ref-0iybi2u0lyy5,ref-0w2e99pgdzr,ADD,
448,ref-96lwb9sztmo,ref-2c7mixwyb3m,ADD,
449,ref-h4msed81hr,ref-2c7mixwyb3m,ADD,
450,ref-ef24xpd630j,ref-3dguq97k08h,ADD,
451,ref-kb1ar7vv31c,ref-3dguq97k08h,ADD,
452,ref-cu2hzqdayz,ref-ded9g2il8l,ADDED,
453,ref-ray0b55w9j,ref-ded9g2il8l,ADDED,
454,ref-qua7veq3eq,ref-3p5xtv4yvus,ADDED,
455,ref-90fqrjz8mx,ref-3p5xtv4yvus,ADDED,
456,ref-oxyqyqqu06q,ref-llotnthwmar,ADD,
457,ref-d221ae6knha,ref-llotnthwmar,ADD,
458,ref-dvfkd5vmr95,ref-e8zx2ay19y,ADD,
459,ref-103nd82le0dk,ref-e8zx2ay19y,ADD,
460,ref-1bjckjfcqi4,ref-r90hxhmhpj9,ADD,
461,ref-1uc3n36fao1,ref-r90hxhmhpj9,ADD,
462,ref-m8wtkvwctf,ref-mz6n9ug5d8m,ADD,
463,ref-ywpjp696yv,ref-mz6n9ug5d8m,ADD,
464,ref-hoborifqh2p,ref-4qhw0ym2djj,ADD,
465,ref-burzqokjxcv,ref-4qhw0ym2djj,ADD,
